{
    "train_loss": [
        762.7611865339608,
        687.8306892658102,
        621.2780335524986,
        548.7968861810092,
        472.4800568942366,
        395.85642479205956,
        317.1538487138419,
        241.44505046976025,
        174.76374760989486,
        117.98233574834363,
        71.95474315922836,
        37.80796892427165,
        15.899680514273973,
        4.833755570495951,
        1.5084301600682324,
        0.8350288858958359,
        0.6191381984229746,
        0.4576892091025566,
        0.40558622148016404,
        0.38036826683272573,
        0.4011195355962063,
        0.3529121456988927,
        0.31663181619911357,
        0.32025864482696714,
        0.3129122011235048,
        0.2907838008912473,
        0.30211137671922816,
        0.29963999928842333,
        0.28910530063098877,
        0.2775954254100035,
        0.2930762805686942,
        0.2980263639112999,
        0.27765019565563775,
        0.2821300495415926,
        0.2854801610369107,
        0.27972334180155706,
        0.2858523566853897,
        0.27546321857592154,
        0.27563183388576423,
        0.2753021262971492,
        0.26351957980158003,
        0.27120349035951596,
        0.28441138713267344,
        0.27822835345206587,
        0.24635068256536435,
        0.2551532044107544,
        0.2585284626432534,
        0.25833216059053765,
        0.25600655293413277,
        0.2519509757644144,
        0.2821796838964882,
        0.24532312077694926,
        0.27298767871127044,
        0.23993247362046405,
        0.24488998724725738,
        0.2682726575254366,
        0.24159597024193097
    ],
    "val_loss": [
        10132.954345703125,
        9829.779982346754,
        9489.288846529447,
        9087.325702373799,
        8615.191143329326,
        8072.258084810697,
        7470.710899939904,
        6823.201810396635,
        6140.8401770958535,
        5440.728804368239,
        4731.0402268629805,
        4048.609668438251,
        3443.9444732666016,
        2960.1541070204516,
        2746.5463497455303,
        2721.3839276020344,
        2655.180708169937,
        2676.43919473428,
        2716.4106713304154,
        2714.6252881747027,
        2733.203625504787,
        2748.5544510071095,
        2788.912779821799,
        2761.8996600737937,
        2754.0494021131444,
        2721.656205048928,
        2733.835007777581,
        2753.994551842029,
        2736.479068753811,
        2755.015159189701,
        2784.818680958106,
        2751.9868263120834,
        2783.4165692604506,
        2793.6148545466936,
        2752.3555689156055,
        2769.3644806880216,
        2759.4829208208967,
        2803.0226182249876,
        2790.281771526887,
        2760.7248782240426,
        2763.9383980998628,
        2812.4819655647643,
        2799.608689198127,
        2737.1175649143183,
        2786.445265687429,
        2768.5551505639005,
        2833.8021733760834,
        2751.8644637625953,
        2765.5292454797486,
        2805.3303393217234,
        2785.1341920861832,
        2739.055161375266,
        2749.996518820524,
        2700.6173371901878,
        2773.440152569459,
        2761.189277254618,
        2740.06406796437
    ],
    "best_val_loss": 2655.180708169937,
    "final_test_loss": 15091.295100285457
}