{
    "train_loss": [
        794.5414708024365,
        597.667163266974,
        71.13685207649813,
        5.497336514925553,
        4.543473932702662,
        4.245068008616819,
        3.833476819476839,
        3.7939005766884755,
        3.316435423442873,
        3.1638389745001065,
        3.082309057146816,
        2.7622875798556765,
        2.9552070357031743,
        2.634861321267435,
        2.6645306980205796,
        2.413759744773477,
        2.5101689474057345,
        2.3487956044027363,
        2.565058419259928,
        2.439457566556284,
        2.583879391015586,
        2.3658600467241415,
        2.2694435579291845,
        2.4120067807577423,
        2.3054830598629126,
        2.4479174028008672,
        2.208096878760952,
        2.180632155325453,
        2.3529973358421,
        2.2395753244222223,
        2.220864820278297,
        2.217828444505142,
        2.074328347788019,
        2.2283868754314162,
        2.0905151200496546,
        2.219883358074447,
        2.025992807190297,
        2.099952216875755,
        2.0834010213108387,
        1.9698819876727411,
        2.0772503599271936,
        2.1125478416176167,
        2.042359890447835,
        1.9910882862947754,
        2.055691261917858
    ],
    "val_loss": [
        10247.611055814303,
        6198.943462665265,
        179.00571355452905,
        204.9390168923598,
        140.57200395143948,
        216.64368429550757,
        231.86055188912613,
        272.60248625278473,
        357.37564631608814,
        311.90526378154755,
        370.82740797446326,
        392.25776063937406,
        437.20476429737533,
        497.3701753616333,
        558.471826663384,
        527.8208943284475,
        560.7604845853953,
        604.8498202149684,
        668.7271226644516,
        609.4207209463303,
        610.0658130301879,
        694.9849880979611,
        680.600994339356,
        732.5890525487753,
        713.2222442214305,
        694.03772391952,
        684.7688678182088,
        719.124767262202,
        683.7189378188207,
        656.3493767036841,
        690.0795314632929,
        682.0531362524399,
        724.8079237754529,
        764.9270806129163,
        677.5670828429552,
        701.7551562763177,
        676.7821460137001,
        670.2503250929026,
        656.5844116417261,
        647.2012051206368,
        609.3253860427783,
        710.0873128542534,
        690.9346210543926,
        647.6070989095248,
        705.6306390303832
    ],
    "best_val_loss": 140.57200395143948,
    "final_test_loss": 993.0767900026761
}