{
    "train_loss": [
        0.0013637098475963536,
        0.00099033211474056,
        0.0009022818891841372,
        0.0008887955733245753,
        0.0008654931710946679,
        0.0008168510690227087,
        0.0008448875024473166,
        0.0008296801004627045,
        0.0008271528327143109,
        0.0008142022824954595,
        0.0008257692213097973,
        0.0008163787237647519,
        0.0007953459989321659,
        0.0008255526154243853,
        0.0008080788078398749,
        0.0008012136441438684,
        0.0008148280745633107,
        0.0007968290803295657,
        0.0008070400065756483,
        0.000800619742347345,
        0.0008184027008547705,
        0.0008002668570231341,
        0.0008060282701174809,
        0.0007949691156180302,
        0.0007970426900258111,
        0.0008061885131735772,
        0.0008014165652074835,
        0.0008024805680053823,
        0.0008007154391289705
    ],
    "val_loss": [
        0.01882109381348038,
        0.017555617642266534,
        0.016892748504268147,
        0.017106807513090853,
        0.016134336590766907,
        0.016465142893139273,
        0.01622282730218453,
        0.016162019348345123,
        0.015965426940685853,
        0.016017144210099313,
        0.015990728310918294,
        0.016075889808304895,
        0.01640763701065085,
        0.01625665792156584,
        0.016049801622732326,
        0.01614670151880441,
        0.01603528661116098,
        0.016030286559655976,
        0.01609367492178885,
        0.016190319581745334,
        0.016207968041551515,
        0.016084765419901278,
        0.01606620860268147,
        0.016151520271355715,
        0.01625578219178491,
        0.01629810398354983,
        0.016142638082293652,
        0.016116426774085715,
        0.016400273249018937
    ],
    "best_val_loss": 0.015965426940685853,
    "mse_raw": {
        "train": 0.20776791053958094,
        "val": 4.158086591950737,
        "test": 11.022236380767946
    },
    "final_test_loss": 11.022236380767946
}