{
    "train_loss": [
        0.9928592760115862,
        0.9627604614943266,
        0.8893188610672951,
        0.7546108895912766,
        0.546287870965898,
        0.3244105810299516,
        0.19357786164619029,
        0.14537403138820082,
        0.11515006446279585,
        0.08733751904219389,
        0.06944279826711863,
        0.05250378529308364,
        0.045842294639442116,
        0.04091748490463942,
        0.042201012664008886,
        0.042370475828647614,
        0.03623680758755654,
        0.03670845401939005,
        0.03545205405680463,
        0.03656171850161627,
        0.03828339074971154,
        0.034450030128937215,
        0.03707818395923823,
        0.03461784962564707,
        0.036403639358468354,
        0.03515569755109027,
        0.035725374589674175,
        0.03320504218572751,
        0.03433599567506462,
        0.034027698216959834,
        0.03455479221884161,
        0.03431147173978388,
        0.033684500434901565,
        0.03278991120168939,
        0.032899138517677784,
        0.02994795242557302,
        0.0330797994392924,
        0.032472831022460014,
        0.032246384071186185,
        0.03110873361583799,
        0.029591987462481484,
        0.032130075502209365,
        0.03418785423855297,
        0.030678610084578395,
        0.031280136143323034,
        0.031279368384275585,
        0.02903671417152509,
        0.03078063193242997,
        0.028965120029170066,
        0.031159355188719928,
        0.030187192664016038,
        0.02630756120197475
    ],
    "val_loss": [
        11.198464965820312,
        10.818231391906739,
        10.145611381530761,
        8.915786743164062,
        7.031581783294678,
        4.583731698989868,
        2.769882023334503,
        1.9329757124185563,
        1.1960500493645667,
        0.6667950272560119,
        0.3879408061504364,
        0.2990995556116104,
        0.3170553371310234,
        0.39190472960472106,
        0.4344413548707962,
        0.5765684425830842,
        0.5786873169243336,
        0.6100424557924271,
        0.6040176004171371,
        0.5616283111274243,
        0.6096479907631874,
        0.6789940223097801,
        0.5866388507187367,
        0.6509694159030914,
        0.7430502787232399,
        0.6299397364258766,
        0.6231694772839547,
        0.5925702452659607,
        0.5069412082433701,
        0.6260666251182556,
        0.6317014545202255,
        0.6263683691620827,
        0.6295775219798088,
        0.6601911813020707,
        0.6394147470593452,
        0.701612937450409,
        0.6272767364978791,
        0.6007610872387886,
        0.6131288811564446,
        0.5795148655772209,
        0.6448983728885651,
        0.5836411789059639,
        0.580306562781334,
        0.6625117599964142,
        0.6421856328845024,
        0.6760113835334778,
        0.7012579366564751,
        0.6789855942130089,
        0.639415766298771,
        0.650119736790657,
        0.6177358150482177,
        0.6046718209981918
    ],
    "best_val_loss": 0.2990995556116104,
    "final_test_loss": 13.248519265651703
}