{
    "train_loss": [
        0.1196492064390982,
        0.0023023025552187915,
        0.002060583084531841,
        0.0016301263988381892,
        0.0015973518833200832,
        0.0015213576238908757,
        0.0014628127324163936,
        0.001356373506091273,
        0.001217336490247653,
        0.0012815414363144132,
        0.0011063796011829415,
        0.0011340012217982368,
        0.001092989754102849,
        0.0011121434276110044,
        0.001047945497658854,
        0.0010079886137112186,
        0.0010551760494386163,
        0.0009972851638654378,
        0.0009422289036548515,
        0.0010540646526866842,
        0.0008812412445026691,
        0.001005640207471228,
        0.0008454430868508867,
        0.0009294565111801202,
        0.0009243835104674879,
        0.0008545509475298171,
        0.000939829817306517,
        0.0009289275005159085,
        0.0008723049755158706,
        0.0009915259217546247,
        0.000852356430172045,
        0.000840801209176472,
        0.0008173664197677309,
        0.0007248010041499944,
        0.0007691691022149243,
        0.0007975580582593385,
        0.0008492498387560683,
        0.000760249312756619,
        0.0007001807947752329,
        0.0008190595250006913,
        0.0007969651954554432,
        0.0008108746613008686,
        0.0009857575386550054,
        0.0007373023144455404,
        0.0007793696536448066,
        0.0007002821460368959,
        0.0007354097062547933,
        0.0007992723396367032,
        0.0008235495270606694,
        0.000823092471080835,
        0.0006255840387687639,
        0.000694496215735647,
        0.0008467185006695865,
        0.0007430400869139585,
        0.0007556840926569015,
        0.0006503053562865764,
        0.000758864492852418,
        0.0007079072731527263,
        0.0009001392625408484,
        0.0007214820196366985,
        0.0007740065782648598,
        0.0006143186376862527,
        0.0006799721617949125,
        0.0007749579223748325,
        0.0006997924847898323,
        0.0007104802954507669,
        0.0007258006553014793,
        0.0006824270772766784,
        0.0006388974347036815,
        0.0007443711365708494,
        0.0006753067474912189
    ],
    "val_loss": [
        0.08088582167746844,
        0.19442186183813545,
        0.041387192361677684,
        0.07584752823674569,
        0.041283504778726235,
        0.10784740915039072,
        0.03506143920606485,
        0.03240372329363944,
        0.03732350654900074,
        0.040845740465792243,
        0.033079076627338375,
        0.036044333354328516,
        0.06442607875430474,
        0.033571866142598016,
        0.029985616276799527,
        0.07028672277616958,
        0.0691355786251801,
        0.05350442441111362,
        0.030251771340974502,
        0.03714597414903067,
        0.043169346146492496,
        0.031440675629440834,
        0.03223425818227783,
        0.05495667286838094,
        0.041388084206523165,
        0.07043187723805507,
        0.05635547754354775,
        0.035358549682078536,
        0.05687294884895285,
        0.07494107849413047,
        0.029117458361994336,
        0.06349159415845794,
        0.02971197293071007,
        0.040544697980361956,
        0.059773527905000026,
        0.03053814395227366,
        0.04883697473754486,
        0.1062346017850494,
        0.031183884901649975,
        0.06678326051958182,
        0.03779002625702156,
        0.3106163402467414,
        0.11172844172903786,
        0.030851565077211016,
        0.046398229638321534,
        0.036885631262083295,
        0.029380805376503203,
        0.16527052891130248,
        0.039649630448332536,
        0.13389034762426658,
        0.10665644613887977,
        0.07343270232107628,
        0.040329608160795435,
        0.0572384445393389,
        0.05881234727523945,
        0.055453717320536576,
        0.2149356444435263,
        0.10403461446468201,
        0.09571162257688465,
        0.1509142481221783,
        0.10058603119277568,
        0.04576630721351615,
        0.07936326018534601,
        0.05576722285089394,
        0.06620581726612593,
        0.16149603824683087,
        0.17246172772030588,
        0.09520219582029515,
        0.15857378381338935,
        0.06612896168156078,
        0.03941550636146632
    ],
    "best_val_loss": 0.029117458361994336,
    "mse_raw": {
        "train": 0.011016671494637432,
        "val": 0.4054078375334634,
        "test": 59.21351241100996
    },
    "final_test_loss": 59.21351241100996
}