{
    "train_loss": [
        0.020312132502963043,
        0.0010634633367382256,
        0.0008368617338864893,
        0.0008092909656068291,
        0.0007834198313726026,
        0.0006966280038183441,
        0.0006171046501846404,
        0.0006247327979879777,
        0.0006637848702518327,
        0.0005435723332659702,
        0.0005548785615543721,
        0.0005525117376756888,
        0.0005677367267596811,
        0.0005061684557348395,
        0.0005159500761673909,
        0.0004922738847737343,
        0.00048673062241393885,
        0.0005084631039923751,
        0.0005042047144287404,
        0.00047829404239583173,
        0.0004815596583470398,
        0.0004660400182599135,
        0.00044841188095493374,
        0.0004588224912627733,
        0.0004507228727654402,
        0.00046043942981798734,
        0.00044405212889725995,
        0.0004526191029406024,
        0.00042899315749123996,
        0.0004120921064004877,
        0.00042344426305023766,
        0.00040584860432819387,
        0.000423955398241096,
        0.0004525872049271129,
        0.000408822323159405,
        0.0003932327655074543,
        0.00037994502728943934,
        0.0003967768777718967,
        0.0003729177362104992,
        0.0003578356778791426,
        0.0003905027294774986,
        0.00034945932363872106,
        0.00034444957471313665,
        0.0003523285316467601,
        0.0003429586147905532,
        0.00037267899143091424,
        0.00031560464873963404,
        0.00033267524032657537,
        0.00031157491255132244,
        0.0003390857782802896,
        0.0003379173377671039,
        0.0003162641249961167,
        0.00029243179187131093,
        0.0002782375407725934,
        0.00031028883366124484,
        0.0002864810525872079,
        0.0002700511772023414,
        0.00028680632006268883,
        0.00028415947175262213,
        0.00027691123965009216,
        0.00027395682700444014,
        0.00025452389160577417,
        0.0002928451717206353
    ],
    "val_loss": [
        0.02110745068811984,
        0.02847585332993832,
        0.09878139449628415,
        0.021502188704390492,
        0.045424087421485675,
        0.018403201234630413,
        0.018564652923184138,
        0.022707202394182485,
        0.033654766640177476,
        0.02376790211053082,
        0.019375881982139416,
        0.01841633008034141,
        0.018729686538723332,
        0.019686730759632256,
        0.018608641763286735,
        0.03181687300093472,
        0.02460763868185933,
        0.01856836110043029,
        0.020521214378445788,
        0.018395690954531783,
        0.018809078908008005,
        0.018270122577194816,
        0.018093225524622808,
        0.019767941579360654,
        0.022798775220979697,
        0.020457814300984697,
        0.018907765323227202,
        0.019090625479024043,
        0.018579657336145087,
        0.01830613064251978,
        0.018447197344223107,
        0.018375705552494362,
        0.023606431489396427,
        0.022736916762638698,
        0.018392928479308332,
        0.01846605149546155,
        0.018694277343995595,
        0.018485385070865352,
        0.018254513071884436,
        0.02087626586823414,
        0.021335565597163857,
        0.02437276415595854,
        0.021765838709176966,
        0.02160867575245599,
        0.019639299143347198,
        0.02081328639070745,
        0.019767618009441153,
        0.01877088431717345,
        0.01832745126793506,
        0.018797824676665995,
        0.021727879630850145,
        0.021462684035887598,
        0.02270438889886632,
        0.01933759860953109,
        0.021540621886271292,
        0.02123797234337501,
        0.02000514210063826,
        0.023207493604988687,
        0.018849766830465308,
        0.020873714182353405,
        0.02153506234322709,
        0.01915302551868889,
        0.020252935252048902
    ],
    "best_val_loss": 0.018093225524622808,
    "mse_raw": {
        "train": 0.005486009874047716,
        "val": 0.2552535532389256,
        "test": 8.41927238241082
    },
    "final_test_loss": 8.41927238241082
}