{
    "train_loss": [
        0.4710765226911276,
        0.0038579179015822518,
        0.0026482071848904602,
        0.002200912608084484,
        0.002042799840808615,
        0.0018984135971643413,
        0.0018646610551513731,
        0.0017583798659412174,
        0.0017012965847523166,
        0.0016485940668489146,
        0.0015936429782981514,
        0.001584673835696955,
        0.0014982851979354571,
        0.0014556832656335945,
        0.0014234851191564598,
        0.0014021527795737975,
        0.0016034873307913414,
        0.0015064219150166863,
        0.001311322867185769,
        0.001365475203597154,
        0.0012547699575368157
    ],
    "val_loss": [
        0.1368928288217061,
        0.4462719638473712,
        0.4580017731954845,
        0.37523258177456087,
        0.4720590692729904,
        0.4645567717245565,
        0.2940276590749048,
        0.29025838876035637,
        0.32846792876863706,
        0.31942979086083,
        0.2910455598925742,
        0.3306304073283592,
        0.3441161586759755,
        0.18080354881777355,
        0.17914685329350716,
        0.18197394238534167,
        0.2665525603000648,
        0.22948000990212536,
        0.16731020280768952,
        0.17645693288739914,
        0.23070330009795725
    ],
    "best_val_loss": 0.1368928288217061,
    "mse_raw": {
        "train": 2.0770469540493908,
        "val": 36.31742522694073,
        "test": 373.9655290136747
    },
    "final_test_loss": 373.9655290136747
}