{
    "train_loss": [
        0.013420037169494114,
        0.0012470177405665877,
        0.0009228743648403609,
        0.0008095194404464861,
        0.0006865694724220536,
        0.0007095635577867625,
        0.0006664096403033093,
        0.0006049298514120224,
        0.0005874708177562213,
        0.000571258536068371,
        0.0005611954823228986,
        0.0005265437292852154,
        0.0005974616420755818,
        0.000490143540275535,
        0.0005021864437849774,
        0.0004986146390550931,
        0.000502050582709133,
        0.00048751786711438065,
        0.0005173038787503099,
        0.0004633243682310793,
        0.0004544602807703884,
        0.0004509648645079305,
        0.0004902621476652044,
        0.0004587303810249254,
        0.00043293239539299083,
        0.0004141204944860466,
        0.00040695870742712606,
        0.00041325779216558843,
        0.0004211986466840727,
        0.00039918382847515334,
        0.0004252137227978187,
        0.0003884359134440738,
        0.0003879216244077186,
        0.0003967229033447921,
        0.00037511691870702413,
        0.0003677247847862214,
        0.00036320312022010567,
        0.00035586875658607045,
        0.0003373564602581461,
        0.00034137696121452253,
        0.0003300215333387759,
        0.00032606061296454363,
        0.00030381923425753783,
        0.00030945312004294055,
        0.00033063521030048923,
        0.00030238750104570275,
        0.0003011436380264207,
        0.0003099541008925037,
        0.00029751035668150694,
        0.00030479614009780155,
        0.0002843094605368049,
        0.00027001997858842143,
        0.00026752058123636333,
        0.0002654899538263598,
        0.00026706151648071754,
        0.00028769382601871144,
        0.0002352580876003212
    ],
    "val_loss": [
        0.026193023159134167,
        0.01986563197526805,
        0.0232832587617277,
        0.020373846930279223,
        0.020091493079369818,
        0.018535286084645324,
        0.021819712352697498,
        0.0262119445035717,
        0.02054452856019553,
        0.022979822009801865,
        0.019436411995061294,
        0.018403787614294776,
        0.018689481735539932,
        0.019258121744281164,
        0.04286581981513235,
        0.023303910568184046,
        0.018369850659467005,
        0.020466916448505665,
        0.019031805141518515,
        0.02619075957099321,
        0.019749194810477395,
        0.020275541464798152,
        0.018842184101231396,
        0.018836102271625015,
        0.018418393438440508,
        0.019019599275284068,
        0.022550232363519846,
        0.020834279031044355,
        0.026717727831392375,
        0.01856774584976611,
        0.019041621540155675,
        0.018451966215959854,
        0.026737554887033724,
        0.01871380544940217,
        0.02111025496075551,
        0.020294900397183718,
        0.019123298771403455,
        0.019776799923015967,
        0.018935106332517333,
        0.026210797415977274,
        0.020907075890270924,
        0.020291518540708004,
        0.020259815708009735,
        0.02014153035081647,
        0.019466794311517367,
        0.02266156250455727,
        0.01937102997261617,
        0.021568415557137795,
        0.01944582841652273,
        0.024343094814361796,
        0.019896434852853417,
        0.02030763804429659,
        0.020278582823704237,
        0.024561033911865066,
        0.02006364911277261,
        0.021696499544540764,
        0.02079238447671135
    ],
    "best_val_loss": 0.018369850659467005,
    "mse_raw": {
        "train": 0.008150462741972838,
        "val": 0.25909185732483064,
        "test": 8.417925406613303
    },
    "final_test_loss": 8.417925406613303
}