{
    "train_loss": [
        0.7341997680209932,
        0.1527409194081667,
        0.0188129263309141,
        0.01353822321730799,
        0.01103196431982464,
        0.009392052570114,
        0.007845914433433097,
        0.006723454790300734,
        0.0059585873234374006,
        0.005075791233269099,
        0.004747100792536955,
        0.0043531907899055765,
        0.0038688884513768634,
        0.0037695116479881108,
        0.003554117623675016,
        0.0032365546105124635,
        0.0031505676756967745,
        0.003087577228836294,
        0.0028025996057078287,
        0.0027640231341397987,
        0.0027343142348746326,
        0.0027169445325160354,
        0.002582054282400003,
        0.002564860660814226,
        0.002436288318200414,
        0.0023868374313072613,
        0.0022330195556389213,
        0.0023436056438922172,
        0.0023838607268685122,
        0.0022476088668641056,
        0.0023072303660488353,
        0.0022165609331014345,
        0.002225312991608267,
        0.002188727121912442,
        0.0021533465840634777,
        0.0021315187874452455,
        0.0021155631703939953,
        0.002257429626860401,
        0.0022290026768349066,
        0.0021244302403093094,
        0.002095343060102009,
        0.002072748200416321,
        0.0020873708723402593,
        0.0020354622089750287,
        0.0024355794000820467,
        0.0021234471225311394,
        0.0019428668530010675,
        0.0020244644206936107,
        0.0019752868551482345,
        0.0019161410915070779,
        0.001959486022488342,
        0.0019064251156080338,
        0.0021716344772790934,
        0.0018936229050831614,
        0.001975883119225078,
        0.0018843792330742524,
        0.001891763726494641,
        0.0018550595455703192,
        0.0018146100043980237
    ],
    "val_loss": [
        7.44863309985713,
        0.11780956485553791,
        0.09821427084113422,
        0.09135987688052027,
        0.08624351603028022,
        0.09013413951585167,
        0.09064337875890105,
        0.09010620072091881,
        0.07155206902442794,
        0.06796438947908189,
        0.07243761194771842,
        0.06013773666008523,
        0.054803506324165745,
        0.06117209179424926,
        0.051799605257417024,
        0.048981775333614724,
        0.049128897292049306,
        0.04563954766643675,
        0.06040414707048943,
        0.04429548537652744,
        0.043750942733727004,
        0.043523094543304885,
        0.05666399256963479,
        0.05656964579401048,
        0.044070286994898004,
        0.0426985471705465,
        0.042671918011221444,
        0.04154698607070666,
        0.04417171294947988,
        0.04161031083448937,
        0.04427067342361337,
        0.04088041448573533,
        0.048727039419310655,
        0.04169165828314267,
        0.04360176034663853,
        0.06264872108831217,
        0.050858047717299903,
        0.04953030457622126,
        0.04052180733139578,
        0.04612777465464253,
        0.0420796143773355,
        0.04685762882428734,
        0.045585874566122106,
        0.04195599748115791,
        0.052489829372222484,
        0.042577348012281094,
        0.04794356521022947,
        0.04276203016113294,
        0.04714045124618631,
        0.04359896113409808,
        0.0502083215029224,
        0.05157098367712215,
        0.04610616218690809,
        0.04066951817979938,
        0.04222376659316452,
        0.04131932809066616,
        0.04649234479783397,
        0.0419044733831757,
        0.048825998569985755
    ],
    "best_val_loss": 0.04052180733139578,
    "mse_raw": {
        "train": 5.548466467892704,
        "val": 111.40125401207074,
        "test": 165.57957544933228
    },
    "final_test_loss": 165.57957544933228
}