{
    "train_loss": [
        798.4695977679754,
        545.6980155039641,
        90.75662988626351,
        4.649288156275022,
        3.9553030668678932,
        3.702248883449425,
        3.4456796757245467,
        3.6154597856230657,
        3.2439074081889654,
        3.1572691389059617,
        2.733222992743476,
        2.994406866320109,
        2.8690059316360346,
        2.8739661238456176,
        2.8974791664188193,
        2.755161987017777,
        2.638207317408869,
        2.7872961825233395,
        2.4946075400053442,
        2.5893223654415647,
        2.5027371872279605,
        2.4326779544353485,
        2.621481627225876,
        2.5327258099943903,
        2.4515938521441765,
        2.3648704765206676,
        2.3780932567887385,
        2.4550414259656,
        2.542687392335827,
        2.4044249287601245,
        2.3600018509363725,
        2.3783722350658,
        2.2780327950998887,
        2.271969194887048,
        2.314836916276964,
        2.4040184773631017,
        2.317525415097253,
        2.3379207394890864,
        2.2324603442418374,
        2.433021965673414,
        2.247552345869905,
        2.3149292686228025,
        2.185635026733754
    ],
    "val_loss": [
        10141.868098332332,
        7197.183931790865,
        319.08156064840466,
        349.73827840731695,
        386.0186026279743,
        374.49120395458664,
        433.7833350805136,
        489.7801441962902,
        617.9899456501007,
        594.029168335291,
        636.7200624484283,
        665.083798619417,
        661.0120744453027,
        729.5623106635534,
        697.266221344471,
        715.4244178992051,
        807.4509687928053,
        815.6353368025559,
        870.7706562785002,
        877.409679380747,
        923.9959095991575,
        951.0397841746991,
        952.4132279799535,
        908.2453907682345,
        919.721914754464,
        976.9870978410428,
        922.8167727016486,
        969.1870425572762,
        965.8547541315739,
        857.8206564486027,
        918.9604904995515,
        918.7996979814309,
        899.5454806089401,
        903.8506097335082,
        921.7378034339501,
        900.1191900555904,
        958.8820237746605,
        937.239357664035,
        863.9417873735612,
        927.2569360733032,
        866.2580458934491,
        905.4872086414924,
        865.2390080415286
    ],
    "best_val_loss": 319.08156064840466,
    "final_test_loss": 1889.64939058744
}