{
    "train_loss": [
        0.49866163312720185,
        0.014294424325100377,
        0.008645443749239938,
        0.0063303037283894345,
        0.005125108815761458,
        0.004306924985084905,
        0.0035002314750280264,
        0.0030257591139923176,
        0.002655484415610663,
        0.002385204913627961,
        0.0021414820320753013,
        0.0020278098522367068,
        0.001856375384914617,
        0.0017837827421255156,
        0.0017097488950647446,
        0.0016278138333975344,
        0.0016012349739097632,
        0.0014817394937078159,
        0.0014264894953857248,
        0.0014186669568905337,
        0.0014002382686624352,
        0.001345317601574521,
        0.0012987161186547615,
        0.0012540818641308504,
        0.0011964522174790374,
        0.0011810995533895225,
        0.0011479465898353225,
        0.0011541670843517073,
        0.001127519038840173,
        0.0011126758793416696,
        0.0011579439839503418,
        0.0011072182979605869,
        0.0010743346622484361,
        0.0010427298655128505,
        0.0010625960235185444,
        0.0010270086384744535,
        0.0010109706936029987,
        0.001044325523564003,
        0.0009890033940100071,
        0.0009837699623710802,
        0.0009725360163988975,
        0.0009801026150628,
        0.0009585825239336039,
        0.0009445005206442955,
        0.0009660997366309803,
        0.0009450434705115154,
        0.000937955939801983,
        0.0009087056772779418,
        0.0009372136523274498,
        0.0008868510169713384,
        0.0008701802513454682,
        0.0008899663037940876,
        0.0008927499712494592,
        0.0009124796659960292,
        0.0009084254280369506,
        0.0008502668670267186,
        0.0008340525070481942,
        0.0008509806914525664,
        0.0008437510487289192,
        0.0008411930503849036,
        0.0008507303914212439,
        0.000849723530974056,
        0.0008708605339798408,
        0.000902564698530751,
        0.0008179574451632161,
        0.0007948448122071071,
        0.0008308685707569154,
        0.0008077754539091331,
        0.0007913143341190731,
        0.0008272635379834021,
        0.0007991350421823291
    ],
    "val_loss": [
        0.33707654773472595,
        0.30245504546194124,
        0.30299124870306027,
        0.29249617135008943,
        0.2181747928619958,
        0.22153199430053624,
        0.21884731540026572,
        0.1350604787719651,
        0.1482598586813905,
        0.10161207453795494,
        0.1157853447097855,
        0.11614145818524636,
        0.11098178227145511,
        0.12313956302554849,
        0.09906659866324984,
        0.1125549561290357,
        0.1045805343444674,
        0.12599270216798267,
        0.08748021150509325,
        0.14300113742669615,
        0.10919604543596506,
        0.09839663585612121,
        0.10415340737045671,
        0.10582014287893589,
        0.09142169805440623,
        0.1165171258079891,
        0.15155270547032929,
        0.10757057334726247,
        0.10602405057467806,
        0.11748240975877987,
        0.10744105291982683,
        0.09699085238389671,
        0.13252484529780653,
        0.10373970966499585,
        0.09274218653221257,
        0.1050904666682562,
        0.09307309970832787,
        0.09500063251023395,
        0.07777840167266102,
        0.08704655612102495,
        0.09322915365919471,
        0.09953028166021866,
        0.08005047722522599,
        0.12177465986818649,
        0.07175728439604147,
        0.08786392980255187,
        0.08550705057747948,
        0.0916681068841941,
        0.08475976252408984,
        0.10370102891017897,
        0.04394684528681235,
        0.08982962300965133,
        0.0680697099216139,
        0.05949357751524076,
        0.08472163806884335,
        0.07872813976763819,
        0.07917435407244529,
        0.07050638545143346,
        0.05880571047041135,
        0.07907729124417529,
        0.09858370138009867,
        0.06914949581438962,
        0.0646636339280611,
        0.11024146008555992,
        0.0717516070088515,
        0.11559400958223985,
        0.08864896455690122,
        0.07162922306899698,
        0.10139448111518644,
        0.08469134588869145,
        0.09330405451608105
    ],
    "best_val_loss": 0.04394684528681235,
    "mse_raw": {
        "train": 0.3186348764062418,
        "val": 11.599552547104729,
        "test": 105.155911340231
    },
    "final_test_loss": 105.155911340231
}