{
    "train_loss": [
        0.0012440802092896774,
        0.0009564160762489211,
        0.0009014197996042765,
        0.0008630531513611866,
        0.0008475758797180004,
        0.0008379872469331844,
        0.0008482757848155573,
        0.0008128375131867681,
        0.0008265231057333134,
        0.0008172899253058231,
        0.0008200742383357057,
        0.0008067867327491544,
        0.0007992107613094488,
        0.0008146692713941367,
        0.0008011927411957756,
        0.000798043449761061,
        0.0008077764896683973,
        0.0008059310031089338,
        0.0008020958172484574,
        0.0007867278560799354,
        0.0007996096362054733,
        0.0008072706302206417,
        0.0007978936387346415,
        0.0008015318314297976,
        0.0007898128524488881,
        0.000811936037719314
    ],
    "val_loss": [
        0.018196119586578928,
        0.017021681952218596,
        0.01674102425414066,
        0.016495897519724585,
        0.01635452246185965,
        0.015996210975572467,
        0.01604859678683659,
        0.016224805413422964,
        0.016291289939545095,
        0.01605489022152212,
        0.016270264235432617,
        0.01603080491678646,
        0.01607401900512811,
        0.016097187163093343,
        0.01619791947842504,
        0.016179771090929326,
        0.016065816009918656,
        0.015996475560733907,
        0.016038413195369337,
        0.016079470166005194,
        0.016192410580025844,
        0.016390862588125926,
        0.0161627696092742,
        0.01632048183819279,
        0.016172172394222938,
        0.01611047330348251
    ],
    "best_val_loss": 0.015996210975572467,
    "mse_raw": {
        "train": 0.2087553385476274,
        "val": 4.159048583593674,
        "test": 11.163232191494297
    },
    "final_test_loss": 11.163232191494297
}