{
    "train_loss": [
        0.0029314204147645887,
        0.001059611801577817,
        0.0008942056147775834,
        0.0007541381670171743,
        0.0007650464647222519,
        0.0006657625198087953,
        0.0006484778279922149,
        0.0005774546764644648,
        0.0005766414398138114,
        0.0005627107332570235,
        0.0005690422609457611,
        0.0005103297435990835,
        0.0005277673923325941,
        0.0005073944499237459,
        0.0004969435761558545,
        0.0004927322204300604,
        0.0004859225194335092,
        0.0004702055255212933,
        0.0004884058848896288,
        0.0004652490885342574,
        0.0004409210762398847,
        0.000440140174216585,
        0.0004268808096266377,
        0.00042407605311435044,
        0.0003921676531314021,
        0.00039287540932634945,
        0.0004214162946629427,
        0.0003955186211179915,
        0.00040504824724071323,
        0.0003730378834972945,
        0.00035330850234715545,
        0.00034178367693216784,
        0.0003262747264987909,
        0.00034179690472877785,
        0.0003337812860492961,
        0.00034850617786365826,
        0.0003337487190517068,
        0.0003321383100156856,
        0.000304930522093304,
        0.0003006710763332334,
        0.00030686187394423687,
        0.00028080460804298906,
        0.00026580677812153866,
        0.0002632703793576157,
        0.00026314220966588167,
        0.0002615563770032394,
        0.0002361664898683055,
        0.00023147429329051136,
        0.00023547746439596504,
        0.00023489528424784018,
        0.0002276800713168324,
        0.00022421208354540622,
        0.0002130846885968622,
        0.00020372279676286547,
        0.00019540316602181356,
        0.0002005847050306963,
        0.00017605527868890252,
        0.0001860798228754521,
        0.00019279993816082757,
        0.00015922166685375947,
        0.00018468989183171265,
        0.00014890756692203087,
        0.00013219611229406644,
        0.00015284478772118596,
        0.00013671823682323754
    ],
    "val_loss": [
        0.020711245907781024,
        0.02064920342699797,
        0.02271235553133819,
        0.023078788641012378,
        0.01919269183633366,
        0.030508860229962954,
        0.026494055481938023,
        0.019411690132175054,
        0.02458351702619068,
        0.03725305717024538,
        0.01934145825604598,
        0.019534649150618526,
        0.01932662101979885,
        0.023134826824793384,
        0.02022029910478051,
        0.01877278413330377,
        0.02560130334286778,
        0.021784074936510512,
        0.019778613199445384,
        0.01917506991971836,
        0.026372698420244787,
        0.01867039302467472,
        0.022815553484381072,
        0.019999353594526096,
        0.01842976391694888,
        0.01986933451283861,
        0.019250480475387088,
        0.020535878858667006,
        0.027875407340212002,
        0.023837705944768257,
        0.019485125917492917,
        0.020277036810983664,
        0.01972664903452689,
        0.0188976740292101,
        0.019620482870205132,
        0.0298210140403912,
        0.021894354649164057,
        0.01976815930188254,
        0.022151529806217662,
        0.020257993247704924,
        0.019800838259807614,
        0.020804410265689646,
        0.020787860654915374,
        0.021441853868223174,
        0.020784904818154044,
        0.02018957222915358,
        0.020439661840942723,
        0.029572273095793748,
        0.027049481670406682,
        0.02063297883917888,
        0.022728218955712184,
        0.02658385179798912,
        0.019722898995193344,
        0.024658390562291497,
        0.025982610191460007,
        0.022039401689889253,
        0.02154078963643837,
        0.022424323682638782,
        0.021181945559672184,
        0.023086470896723093,
        0.02105259419315391,
        0.03449578221059508,
        0.023493350724931115,
        0.02162451623438823,
        0.0242080452196576
    ],
    "best_val_loss": 0.01842976391694888,
    "mse_raw": {
        "train": 0.004878369820082481,
        "val": 0.2602788457976226,
        "test": 8.419886766002893
    },
    "final_test_loss": 8.419886766002893
}