{
    "train_loss": [
        0.19656093256313226,
        0.0028975155715965945,
        0.0024681369695438342,
        0.0022696017456324533,
        0.0021603833729775352,
        0.0020008812047557062,
        0.0020001472673442564,
        0.0019001508988320637,
        0.001870157904564761,
        0.0019513371153774424,
        0.0017175737850001862,
        0.0017579876490406946,
        0.0016485582902812613,
        0.001569831087632089,
        0.0015927327477918444,
        0.0015556969364973693,
        0.001507772285487248,
        0.0015118607861172948,
        0.001393397313564554,
        0.0014320195438121406,
        0.0013504945508873041,
        0.0012867204926044354,
        0.0012762955823738095,
        0.0013363446739828612,
        0.0014103424354032495,
        0.0012807746489460652,
        0.0012323052214924246,
        0.0011924674331994616,
        0.0011928161600222571,
        0.00126439461690517,
        0.0012323288936028655,
        0.001281798685130735,
        0.00116263592762984,
        0.0011001152225718317,
        0.0011036878100469008,
        0.001140262518161669,
        0.0011414449886343258,
        0.0011716302119605402,
        0.0010802845650205277,
        0.001150683994140301,
        0.0011877114230341031,
        0.0011289343832391035,
        0.0011852469542023973,
        0.001083719636647938,
        0.0010438700420254618,
        0.0010623443104589407,
        0.0010433102404185308,
        0.0010510128691422348,
        0.001090529298909311,
        0.001034159287929726,
        0.0010503850288740876,
        0.0009855766605056473,
        0.0010014270563136276,
        0.0010296735864303783,
        0.000976442787487808,
        0.0010390484534675637,
        0.0009815864086859566,
        0.0009449014736689691,
        0.0009695565791673258,
        0.0009370841850570411,
        0.0010147245914742956,
        0.0009592514603028599
    ],
    "val_loss": [
        0.3575569810345769,
        0.5668634452964537,
        0.6161207579470311,
        0.5313942243542092,
        0.41187572028810304,
        0.35638668353203684,
        0.3265767830531471,
        0.33455042506997973,
        0.19316865742887154,
        0.3005773108183908,
        0.3012832415003616,
        0.214523526857822,
        0.28750020898699474,
        0.30055255527034974,
        0.20931360084348574,
        0.21393845966443992,
        0.18587695605730495,
        0.293840808292421,
        0.2065306326481872,
        0.15428830187122983,
        0.13880831396314675,
        0.12507082767283115,
        0.12653938961627248,
        0.1708303334352632,
        0.11681179464526045,
        0.1350044367225984,
        0.11128393686466062,
        0.12743665518848082,
        0.0669946959689976,
        0.11394227048955284,
        0.13371057977649167,
        0.1340318707158216,
        0.1353761783281628,
        0.08179089787881821,
        0.06585730169899762,
        0.13220884094838625,
        0.09467133249227817,
        0.11570158782146442,
        0.09929279237985611,
        0.09503698537950046,
        0.07409746824906996,
        0.044236821856779546,
        0.1540202874547014,
        0.16622009452504033,
        0.19950733459196413,
        0.1418551348436337,
        0.11398471782628733,
        0.22349456472035784,
        0.15205224775351012,
        0.08925575399413131,
        0.17886065731111628,
        0.13930533083979613,
        0.1553424289002298,
        0.12941851855542225,
        0.14645411007894346,
        0.1724455704411062,
        0.10406622925970274,
        0.1451189300009551,
        0.09238465820313789,
        0.14513503113546625,
        0.14449810256393483,
        0.15140864198418477
    ],
    "best_val_loss": 0.044236821856779546,
    "mse_raw": {
        "train": 0.4693731262635512,
        "val": 11.761271867428405,
        "test": 147.53131763266597
    },
    "final_test_loss": 147.53131763266597
}