{
    "train_loss": [
        0.0012441075016575833,
        0.0010025772052327298,
        0.0008954394597194864,
        0.0008882391670465887,
        0.0008396535767101811,
        0.0008265938114822473,
        0.0008271471543311832,
        0.0008270646039504911,
        0.0008200143412727028,
        0.0008037642980745094,
        0.0008141585420726815,
        0.0008044926348545765,
        0.0007951822824844416,
        0.0008060609769268796,
        0.0008093623625333341,
        0.0008118602487104062,
        0.0008019295558463862,
        0.0007968459890278233,
        0.0007959662708062438,
        0.0007953740713329071,
        0.0007984788492743472,
        0.0008026388745277252,
        0.0007998616373666225,
        0.0007953418359553827,
        0.0007835318255870491,
        0.000796007969507502,
        0.0007913199461372329,
        0.0007877668517878568,
        0.0007975627822502404
    ],
    "val_loss": [
        0.018627993995323777,
        0.017066630982578948,
        0.016806115615718927,
        0.016403719563431177,
        0.01607905943483974,
        0.01634798453708824,
        0.016215263310676582,
        0.01645961479964451,
        0.015907041849389385,
        0.016232005369742043,
        0.016130222213597827,
        0.01624026621888893,
        0.016020864866172466,
        0.016456357418344572,
        0.016133909010722373,
        0.01600818009599327,
        0.016098888725257263,
        0.016016313967366632,
        0.016210706125443373,
        0.016179315710010436,
        0.016190226776346277,
        0.016086063853715762,
        0.0160416347386602,
        0.01602191995166672,
        0.016339796205731824,
        0.016259857453405857,
        0.016445442147624608,
        0.016124050706051864,
        0.016095857874741062
    ],
    "best_val_loss": 0.015907041849389385,
    "mse_raw": {
        "train": 0.20950604339569232,
        "val": 4.142704086675933,
        "test": 11.091028827181281
    },
    "final_test_loss": 11.091028827181281
}