{
    "train_loss": [
        0.001282229272529266,
        0.0009382570824527647,
        0.0008791628663010638,
        0.0008667825367693099,
        0.0008589997370767504,
        0.0008435942304615686,
        0.000834272791664638,
        0.0008381869393533321,
        0.0008119177184888596,
        0.0008167100370036647,
        0.0008225036080744005,
        0.0008239183795200821,
        0.0008149672365985241,
        0.0008139818680225791,
        0.0007989637178352809,
        0.000799210443049027,
        0.0007960581598785337,
        0.0007937290618679855,
        0.0008036920434247365,
        0.0008019328196151664,
        0.0008050416328277888,
        0.0008025884423565505,
        0.0008050516200831946,
        0.0008071530499929113,
        0.0008054232601917365,
        0.0007968056841115147,
        0.0007913265274917899,
        0.0008013355270969473,
        0.0008040727387134243,
        0.0007968066375128571,
        0.0007889201422523033,
        0.0007932249591876512,
        0.0007999590150199044
    ],
    "val_loss": [
        0.01773662011300285,
        0.017290226224129304,
        0.017306851952945672,
        0.016566616183039375,
        0.016793713475076053,
        0.01630806548592563,
        0.01616774783290636,
        0.016364162523621835,
        0.016191447641736325,
        0.01603463180631829,
        0.016412899511543892,
        0.016102233413571063,
        0.0160237619599614,
        0.01609420863678679,
        0.0160583850229159,
        0.016086512742241703,
        0.016491493877345838,
        0.01614252824891502,
        0.016175215477302957,
        0.016100722763579912,
        0.016111770479116015,
        0.016052056757661585,
        0.016081092700075645,
        0.016078303917311132,
        0.01615569176367269,
        0.01609504644651539,
        0.016146410776015658,
        0.016448130043080218,
        0.01619625977652434,
        0.016067964230807356,
        0.016709811197450526,
        0.016235124073528614,
        0.01610364462248981
    ],
    "best_val_loss": 0.0160237619599614,
    "mse_raw": {
        "train": 0.20886043741108268,
        "val": 4.174060504414134,
        "test": 11.047393970652992
    },
    "final_test_loss": 11.047393970652992
}