{
    "train_loss": [
        0.006925802594543477,
        0.0015183483058184817,
        0.001143044331888726,
        0.0009543050093942465,
        0.0008138981252895181,
        0.0007924132403643238,
        0.0007699625807523503,
        0.0006229424075606565,
        0.0005974752374833422,
        0.000597837312532013,
        0.0006366942154076453,
        0.0005893976752104284,
        0.000599569935775246,
        0.0005577289978710304,
        0.0005570844139477974,
        0.0005331410973524111,
        0.0005494598216391448,
        0.0004945154932747339,
        0.0005051269190328213,
        0.0004867405520723814,
        0.000473766421708817,
        0.0004921494583713752,
        0.0004696840283541102,
        0.0004398401232572882,
        0.0004669835764907022,
        0.00047361169985137567,
        0.0004314068429187376,
        0.00044772114020038526,
        0.0004231337499799964,
        0.00044485223800797957,
        0.0004261989652376508,
        0.00042788105664579864,
        0.00038227007557510947,
        0.0003945228281094938,
        0.00040059964074965767,
        0.0003566536410538773,
        0.00037081010046843013,
        0.00033453066060858144,
        0.00033549643214043283,
        0.0003386749588748917,
        0.0003407171084196548,
        0.000289023886904803,
        0.0003039998656084555,
        0.0002816003912563375,
        0.00028426445240264275,
        0.00025875732316613814,
        0.00025504708154060825,
        0.0002520482527768733,
        0.00025661366912931217,
        0.0002280926003085939,
        0.0002115097446274459,
        0.00022005189534243393,
        0.0001886434923058967,
        0.00019371448988712023,
        0.0001778393440997142,
        0.00018439523931596324,
        0.00020602158914532473,
        0.00016912747368416257,
        0.00013820965327474645,
        0.0001390147298785541,
        0.00014987753363593923,
        0.00012458343016195277,
        0.0001263836630902285,
        0.0001228320275211641,
        0.00012139786381773936,
        0.00011070910975952557,
        9.988424597365161e-05
    ],
    "val_loss": [
        0.02769984234193409,
        0.024006943692694658,
        0.020346292846456723,
        0.033359178359171855,
        0.05459965912073299,
        0.019013563257262663,
        0.024986566190987273,
        0.02300401281617168,
        0.03143126736567528,
        0.030929523339081142,
        0.024371630020646587,
        0.021094011768043316,
        0.030683362597806588,
        0.021305456904142542,
        0.01905926250145529,
        0.021812464037254727,
        0.022373430228240235,
        0.021376981697459187,
        0.01880349421063093,
        0.025011953216529003,
        0.023031489880479598,
        0.023375629330985248,
        0.01906234075108336,
        0.01878969539043114,
        0.036458503308326555,
        0.019547883679883346,
        0.01835202073885335,
        0.022528117419117026,
        0.018674016956032977,
        0.02046051157500457,
        0.019116143385569256,
        0.025313691473221062,
        0.02004817902127764,
        0.021780545482653433,
        0.024207426562767337,
        0.043966666200301714,
        0.03444580873474479,
        0.028841737239552592,
        0.019241510722268786,
        0.021616745360747532,
        0.026399837336847903,
        0.019742586020449246,
        0.02181684906611702,
        0.020931593297670286,
        0.019559864640339382,
        0.020854981723931378,
        0.029951480665692577,
        0.026003654800458915,
        0.020537271832667844,
        0.03491873297995577,
        0.03291076810651079,
        0.023390294246686,
        0.0201236355782452,
        0.021504076590106166,
        0.025147366867814627,
        0.020295988802832586,
        0.021287509822286665,
        0.02403001664465086,
        0.027347496452016964,
        0.026297063364095433,
        0.027933876517366757,
        0.03699415818253463,
        0.021724338500967458,
        0.022252357470009615,
        0.029178533444388047,
        0.02284493525426283,
        0.02843643501142247
    ],
    "best_val_loss": 0.01835202073885335,
    "mse_raw": {
        "train": 0.0056311049769736145,
        "val": 0.2593427497598233,
        "test": 8.493375247990624
    },
    "final_test_loss": 8.493375247990624
}