{
    "train_loss": [
        753.6078906881398,
        672.8839361256566,
        602.1262351726664,
        527.3008862199455,
        450.09066456761855,
        374.58093656342606,
        300.0647868452401,
        230.28848611897436,
        166.33907393751474,
        112.61501940365495,
        68.73779516590052,
        37.13810728747269,
        16.994568351013907,
        5.591438640165945,
        1.7398388216207767,
        0.7987266276674024,
        0.54382039696492,
        0.4382671337446262,
        0.4030465357776346,
        0.3723358266569417,
        0.3546947082825776,
        0.35410153326289406,
        0.31820101624932784,
        0.29936965966019136,
        0.31771371230996887,
        0.29370825300956593,
        0.29133094481096183,
        0.2800627602264285,
        0.29777714526601906,
        0.30163220406092445,
        0.2671109601405674,
        0.26962610680995314,
        0.27391300954181574,
        0.2681519849354337,
        0.2741651899213421,
        0.25358714645021946,
        0.27066903940305626,
        0.25776472559262964,
        0.24803683181004277,
        0.25911130483165895,
        0.25417796971982926,
        0.24609168156467634,
        0.23910076078027487,
        0.24256778277199845,
        0.25393318487652417,
        0.22999812627275443,
        0.23398894450530924,
        0.24994165376471034,
        0.23031797651843777,
        0.22627492852765937,
        0.24803736616439861,
        0.2316649287682155,
        0.2545145162670263,
        0.24104857242441383,
        0.2237816235885538,
        0.254432978654473
    ],
    "val_loss": [
        10098.146944486178,
        9762.7255859375,
        9390.470261793871,
        8965.292114257812,
        8483.73751126803,
        7949.376206618089,
        7366.652273324819,
        6741.337792029748,
        6075.0746506911055,
        5392.286583533654,
        4702.32425748385,
        4046.884797316331,
        3470.795663686899,
        2985.474802457369,
        2714.548315525055,
        2664.7161284226636,
        2818.57359786217,
        2815.598004460335,
        2884.489743698102,
        2836.5415885723555,
        2857.3342947134606,
        2929.6916141280763,
        2966.1267199218273,
        3006.4046917007518,
        2976.416930643412,
        2985.9248378093425,
        3008.471098753122,
        3093.654676696429,
        3021.1043693285724,
        3006.8915095787784,
        3006.3685679642053,
        3091.363689615176,
        3080.353314427229,
        3132.2608283162117,
        3132.8849751880534,
        3167.546306928763,
        3149.697869227483,
        3169.899901133317,
        3159.10383564463,
        3163.083290751164,
        3179.1209648595404,
        3208.949291724425,
        3159.5461044517847,
        3102.289924236444,
        3136.695576862647,
        3105.618459000037,
        3133.4424083553827,
        3088.389256504866,
        3119.935517625167,
        3170.67292285424,
        3101.8645981871164,
        3174.260073895638,
        3159.4420533592884,
        3136.929496064782,
        3084.3217363128297,
        3132.6971361728815
    ],
    "best_val_loss": 2664.7161284226636,
    "final_test_loss": 15060.847121018629
}