{
    "train_loss": [
        0.22651080621812397,
        0.0030191204335011193,
        0.0024337675153779294,
        0.002220092585577001,
        0.002083505302842738,
        0.0019732167835856797,
        0.0018872511035834367,
        0.0017636931149595473,
        0.0017868302529677749,
        0.001582536522525912,
        0.0015674785837236568,
        0.001597851058607523,
        0.0015056404067724785,
        0.001549065310575673,
        0.0014125713969095268,
        0.0014095522998633166,
        0.0013826398990359795,
        0.00128704068921586,
        0.0013761298408091036,
        0.001320672656919879,
        0.0013122754972467883,
        0.0012767689183660839,
        0.001196974047977561,
        0.001293864249675654,
        0.0012649307567248137,
        0.0011408070650083036,
        0.0011785645876179298,
        0.0012042521497604842,
        0.001076152687991818,
        0.0010967731774828404,
        0.0011120110178818034,
        0.0012065385384723926,
        0.0012071307310257426,
        0.001134308361255317,
        0.0010749524330887466,
        0.001091949022315347,
        0.001096281589035733,
        0.0010783199708944617,
        0.0010915314141883808,
        0.001002471569654906,
        0.0010238310966927272,
        0.000979218179629678,
        0.0010546314692757546,
        0.0010166184018509318,
        0.00108138697881562,
        0.0010490537646950947,
        0.0009710248206487388,
        0.0010383608497273272,
        0.0010513661291975623,
        0.0010844869290390967,
        0.000997667220265915,
        0.0009533971942101533,
        0.0009687839830383802,
        0.0009555845983071715,
        0.0010076186708751747,
        0.0010003405237574384,
        0.0010146510003246048,
        0.0011171727032305147
    ],
    "val_loss": [
        0.28462611898206747,
        0.35389158602517384,
        0.35999152410882884,
        0.352593639283441,
        0.2509426925635825,
        0.2546089053010711,
        0.26581857670456743,
        0.25232379133992183,
        0.16924883392997658,
        0.15852653850407267,
        0.15960781145482683,
        0.2030217963306663,
        0.15278040958443084,
        0.18140570998478395,
        0.16567297675646842,
        0.12959964229958132,
        0.11599921831825319,
        0.10244190416639097,
        0.07593940239614592,
        0.1802517944552864,
        0.078423470522886,
        0.14814424611484775,
        0.13741402420251128,
        0.06989721360150725,
        0.13379614929167125,
        0.0976739219443586,
        0.10530073751802914,
        0.09640865781917594,
        0.11394109985289666,
        0.18198703240173367,
        0.09936561643217619,
        0.07544231145248677,
        0.1321765036196806,
        0.08580181469173673,
        0.09763804123324987,
        0.07416056539379777,
        0.1093476990578123,
        0.05710498053723803,
        0.16183790992587233,
        0.08030850554888065,
        0.08053343800398019,
        0.11062395943400379,
        0.10548780933738901,
        0.16467369276170546,
        0.1406801502721814,
        0.07932246137016381,
        0.08545212694801964,
        0.11956127952390279,
        0.1392403613919249,
        0.06806722448135798,
        0.11823784387133156,
        0.1173157368052321,
        0.10859691272847928,
        0.1175472686568705,
        0.06439593234188998,
        0.10015844809822738,
        0.06374768961597091,
        0.15867419632223362
    ],
    "best_val_loss": 0.05710498053723803,
    "mse_raw": {
        "train": 0.33436042146230444,
        "val": 15.082956786477247,
        "test": 127.53751292073238
    },
    "final_test_loss": 127.53751292073238
}