{
    "train_loss": [
        796.7233784116547,
        436.41825669387293,
        21.114585195122093,
        4.8050620453111055,
        4.349538703416956,
        4.090230888333814,
        3.7975885785859207,
        3.7872408381823837,
        3.4948081476935027,
        3.233312835467273,
        3.3504888661976517,
        3.186510064478578,
        3.1952286984386116,
        2.8626245255100318,
        2.8307892998744704,
        2.8851489424705505,
        2.849171054774317,
        2.674011023907826,
        2.780534533077273,
        2.563687385156237,
        2.7945569275782027,
        2.5941799794291627,
        2.6133529456525015,
        2.421097547329705,
        2.483855746429542,
        2.5450481679932824,
        2.6996333555414758,
        2.3905698621067506,
        2.2585915758691986,
        2.5401108203263116,
        2.255671071595159,
        2.4947486853805083,
        2.27309077464301,
        2.219736343827741,
        2.431962529133106,
        2.2139556852394136,
        2.319227518192653,
        2.3893083426459083,
        2.2806114246105325,
        2.2559353036099465,
        2.342825099825859,
        2.1904992661599456,
        2.1119157348213524,
        2.313072465103248
    ],
    "val_loss": [
        9832.306725135217,
        4254.127016507662,
        293.9868262731112,
        241.38918271431555,
        273.9478407548024,
        362.95601681562573,
        443.2476564003871,
        410.0995490734394,
        408.12149278934186,
        409.6119766327051,
        546.301160308031,
        590.4460264077553,
        686.8623288227961,
        572.7853515239863,
        594.6145775776642,
        642.1197148286379,
        718.8331843889677,
        681.3963977006765,
        692.293686573322,
        628.527603337398,
        649.8883070120445,
        587.3145592625325,
        627.7130828499794,
        670.5739854642978,
        661.7765731398875,
        705.417454123497,
        650.5407441694003,
        659.7162757653457,
        701.8551167570628,
        695.4748059511185,
        696.823974095858,
        724.2023565127299,
        661.2739434540272,
        671.1163284136699,
        676.0484235791059,
        673.2118571629891,
        691.9610216892683,
        650.0561325916877,
        646.1550448261775,
        636.008040189743,
        639.2493851184845,
        649.0193658746206,
        655.2697405540026,
        622.8152131575805
    ],
    "best_val_loss": 241.38918271431555,
    "final_test_loss": 1586.304328918457
}