{
    "train_loss": [
        725.3873746148471,
        156.27104032861774,
        1.682824258660448,
        0.8592553380234488,
        0.6960154072991733,
        0.6349731655470257,
        0.573636489181683,
        0.5439581461250782,
        0.49067109514927043,
        0.4685721356293251,
        0.4640641087858841,
        0.4209367321996853,
        0.4006047414551521,
        0.3877925294740447,
        0.3761867436355558,
        0.35386162000740395,
        0.36555619781901094,
        0.34527392107351074,
        0.3388567781396981,
        0.3222143693730749,
        0.32356679555157136,
        0.31651032793110817,
        0.3035900230551588,
        0.2965873034092887,
        0.2884985900259224,
        0.3033828556152253,
        0.28835590158043234,
        0.2932736527431628,
        0.2780959403848854,
        0.2829579973015292,
        0.2665059243425213,
        0.26158892915680493,
        0.29079505788355037,
        0.25529039118053587,
        0.2653094755549883,
        0.2611730718856742,
        0.24781037417465243,
        0.2488342808109933,
        0.2518845797869666,
        0.25843374617397785,
        0.24406840138394256,
        0.24675989600604978
    ],
    "val_loss": [
        5553.861534705529,
        9.105039947308027,
        17.954228194860313,
        24.56432662789638,
        29.423463981885178,
        17.44907509134366,
        29.97232271387027,
        35.61466295902546,
        27.11695445730136,
        46.174103172925804,
        25.06932031420561,
        33.24580169182558,
        39.14526407306011,
        39.581416288247475,
        32.8689162341448,
        39.233308374881744,
        22.923674072210606,
        29.137862879496353,
        43.73164895864633,
        26.53241068812517,
        45.686750361552605,
        46.35015133711008,
        39.28966750777685,
        45.74624834152368,
        30.30871601517384,
        39.65942643009699,
        36.03657558101874,
        17.97572165956864,
        54.23200515600351,
        34.805335105611725,
        40.65427242563321,
        27.599096097625218,
        26.350942238019062,
        41.80612950141613,
        38.06991090912085,
        39.97387402103497,
        45.30677978350566,
        35.74956981379252,
        44.98039033321234,
        42.947080738269364,
        47.12116470015966,
        45.73586439398619
    ],
    "best_val_loss": 9.105039947308027,
    "final_test_loss": 22.356464349306545
}