{
    "train_loss": [
        794.4703643281581,
        537.7289112543656,
        67.7846994076745,
        0.7264570971414194,
        0.5311935338175903,
        0.4825580851253817,
        0.47148754763401163,
        0.45464905717615356,
        0.4585514252973815,
        0.4274952436276412,
        0.42549866766242656,
        0.42326395453537924,
        0.40307200807383503,
        0.4294954286888242,
        0.3923486007566927,
        0.384739486153348,
        0.38437498771285605,
        0.3770970417723312,
        0.3695607979355727,
        0.3681827621313475,
        0.35160781695681104,
        0.3577341941832486,
        0.35741700118376035,
        0.3593530614497298,
        0.36412446516550195,
        0.3546442943861929,
        0.33675158333222743,
        0.3369779407788636,
        0.3387887547645023,
        0.3354556507478326,
        0.3299846310736769,
        0.3309704182764231,
        0.3312299233877053,
        0.3333415157966695,
        0.32507150928426726,
        0.30931646439988736,
        0.3258907964168969,
        0.31727263495578606,
        0.3245188864737244,
        0.30693651356939544,
        0.3157852931042849,
        0.3002178352641857,
        0.29723894406678314,
        0.2949065951851465,
        0.3056744662255554,
        0.2879651474245524,
        0.3016105279705282,
        0.28780628961779303,
        0.29292387881521453,
        0.2940169520423574,
        0.3099536852816404,
        0.289971542055324,
        0.2830329195959336,
        0.2773332833233526,
        0.2809585056630737,
        0.2715063832573972,
        0.2657203957185907,
        0.2869955043671495,
        0.27165195964655636,
        0.2638496002024513,
        0.2699708800320908,
        0.2619190672570366,
        0.2598407783119355
    ],
    "val_loss": [
        10024.597628079928,
        6362.247347318209,
        473.1336413346804,
        217.28371688952814,
        172.85164091908015,
        146.4017818432588,
        146.52783322792786,
        133.75897304140605,
        137.57122571881,
        146.57675209412207,
        118.1298120549092,
        126.79309750061769,
        111.94040585022707,
        94.08556606563238,
        108.79019333078311,
        98.83565021707462,
        94.47078182834845,
        105.59033966981448,
        87.46263057222733,
        86.17755827307701,
        91.2731918990612,
        91.43814703363638,
        72.9559041422147,
        105.63155955993213,
        84.13697411922308,
        97.51725141818707,
        96.26047765520903,
        89.53546426617183,
        89.86869983718945,
        94.29231842435323,
        78.09356153125947,
        83.23605365478076,
        93.53369531952418,
        96.10933435421724,
        89.8619430752901,
        77.96038336364123,
        91.39482382398386,
        87.4176797752197,
        91.49338172949277,
        89.4915495308546,
        95.42748710283867,
        90.05355390677086,
        76.47523467930463,
        87.56242992557011,
        88.70413270821938,
        85.71939091269786,
        80.83896003778165,
        86.94639034683888,
        105.22880990230121,
        91.97149518590707,
        83.45637562412482,
        89.81312494094556,
        85.41763438169772,
        102.02775906599484,
        85.04727716858571,
        95.24260405622996,
        91.17468736492671,
        79.53758571698116,
        108.40283495646257,
        80.69428095450768,
        88.5073054432869,
        89.85980583841985,
        80.46407640209564
    ],
    "best_val_loss": 72.9559041422147,
    "final_test_loss": 963.1603864523081
}