{
    "train_loss": [
        726.9209042253166,
        199.79328770575853,
        1.9096139540960049,
        0.9815286611174715,
        0.8236339462214503,
        0.6758609587519333,
        0.6148302732356663,
        0.5180200826505135,
        0.48169963729792625,
        0.44177193811227533,
        0.40522118041227606,
        0.37960702527699797,
        0.3484645826292449,
        0.3450532703307168,
        0.3212712845797169,
        0.3309349224356742,
        0.2991277103408657,
        0.28893769076415177,
        0.29433421199691706,
        0.2763578546843652,
        0.27390746264879046,
        0.28197288307650337,
        0.29240602614550754,
        0.26229493731054765,
        0.24833323742295133,
        0.26671723758095295,
        0.2604520255699754,
        0.24139105502901406,
        0.24420639718401022,
        0.24398722383996535,
        0.25861229875992087,
        0.2606540713780399,
        0.24051631001177534,
        0.24532596619221672,
        0.23687511107659545,
        0.2472685899842402,
        0.25098593160510063,
        0.23302156722237324,
        0.2366441792069838,
        0.23914264357680903,
        0.24519184835512062,
        0.24514335400328555
    ],
    "val_loss": [
        6350.6517991286055,
        8.472676309255453,
        13.93055981856126,
        20.580407983981647,
        15.435092476698069,
        14.570262358738827,
        22.635973735497547,
        22.61595090994468,
        20.462157723995354,
        14.776972219347954,
        17.413275092840195,
        15.62236598592538,
        17.94309746989837,
        27.727146522356914,
        26.36754487798764,
        24.32622307080489,
        36.47519926382945,
        18.57081607901133,
        24.386212594234028,
        17.669310858616463,
        23.973229009371536,
        36.622815045026634,
        29.600728885485577,
        23.005845681979107,
        25.506520424897854,
        33.84146975553953,
        23.077626016277534,
        27.46474400621194,
        26.938216651861485,
        25.099542239537605,
        28.15122947555322,
        18.41267205774784,
        17.85099892432873,
        17.96986683515402,
        29.238845573021816,
        17.49632078179946,
        21.102331967307972,
        33.75126678210039,
        23.180171006000958,
        21.955320803018715,
        19.71012360889178,
        20.56495961317649
    ],
    "best_val_loss": 8.472676309255453,
    "final_test_loss": 22.46303345606877
}