{
    "train_loss": [
        765.7211259321733,
        210.721530121023,
        2.6438554590398615,
        1.6813231885433197,
        1.1953197999434038,
        0.894478943402117,
        0.7511791548945687,
        0.7110809339718385,
        0.6177767504345287,
        0.5459960375319828,
        0.5191342781890522,
        0.4690592722459273,
        0.45146445740352975,
        0.41829257024960087,
        0.4087693069468845,
        0.42278677319938485,
        0.3922477676109834,
        0.38973520147529517,
        0.39776588001034474,
        0.3841508989984339,
        0.3350387579338117,
        0.34566483084451066,
        0.3293961567634886,
        0.3312874275175008,
        0.33839777037501334,
        0.3231220233169469,
        0.3065712296827273,
        0.32356412532654677,
        0.3168925804170695,
        0.3159359726038846,
        0.30844828899611126,
        0.29854728146032855,
        0.2947391304102811,
        0.2735209685157646,
        0.2639313586056232,
        0.27995056096803056,
        0.29203588102351535,
        0.2692508908157999,
        0.2702076205475764,
        0.28571678298440845,
        0.26571682210672987,
        0.26726993986151437
    ],
    "val_loss": [
        6406.070425180288,
        7.821900179752936,
        18.764878662732933,
        26.855485145862286,
        21.362145334482193,
        33.431969193311836,
        55.18092139867636,
        30.741136642602775,
        44.85178786057692,
        29.810933984242954,
        35.854004726960106,
        45.991809354378624,
        44.3308221927056,
        45.53248382073183,
        31.61719233943866,
        35.93362136758291,
        41.476834129828674,
        29.625584833897076,
        43.749945929417244,
        25.931722638698723,
        23.076704337046696,
        26.38305376126216,
        13.755226781735054,
        46.53024265399346,
        25.705954703000877,
        26.879500836133957,
        22.391612614576633,
        17.80699459864543,
        9.402884015670189,
        18.28931015271407,
        14.075508400797844,
        15.23447882441374,
        18.464147835969925,
        15.153258920862125,
        11.351151842337389,
        14.73157911346509,
        14.447855713275763,
        12.496383535174223,
        14.793526766391901,
        17.749809831380844,
        8.317951126740528,
        11.379312390318283
    ],
    "best_val_loss": 7.821900179752936,
    "final_test_loss": 21.99176388520461
}