{
    "train_loss": [
        0.08186639484578012,
        0.00257366978533204,
        0.002225996179389296,
        0.0018218223006475852,
        0.0016763728141557493,
        0.0016842425172476415,
        0.0014370199874856957,
        0.0013936203221040155,
        0.0015160433618353702,
        0.0010809817929412352,
        0.0010801546188952261,
        0.0011357386133844232,
        0.0012615967684152993,
        0.0010973725632645627,
        0.0011426245295635881,
        0.0011657097974336359,
        0.0010669547852083026,
        0.0012779337940234474,
        0.0009661890042126593,
        0.0008961967084216763,
        0.0010107644902377744,
        0.0008880094521837346,
        0.0009372449678951885,
        0.000940828569906694,
        0.000908739221183798,
        0.0010967802897248623,
        0.0008581813616975755,
        0.0007994421088634679,
        0.0008515360608181081,
        0.0008272708587079575,
        0.0008139997222418387,
        0.0008751988260835213,
        0.0008604804717929495,
        0.0008782893571560083,
        0.0008984068444251791,
        0.0008722613659960822,
        0.0007532391290981388,
        0.0007969240145958104,
        0.0006863950665235173,
        0.0007975787356839801,
        0.0007091188718890488,
        0.0007174009366973345,
        0.0007292123413105073,
        0.0007610106670466413,
        0.0007966031456677369,
        0.0008008645273375548,
        0.0007256586531762539,
        0.000769267575098918,
        0.0006609349404044566,
        0.0007135676037600766,
        0.0007528892479739614,
        0.0006789997888602663,
        0.0008009725640407011,
        0.0006962410984393824,
        0.0008557879961813802,
        0.0006725456773763926,
        0.0007522586001500841,
        0.000724772381755219,
        0.0006606294433139727,
        0.0006162793399515229,
        0.0007384747578663495,
        0.0006721659812779093,
        0.0006907863848440175,
        0.0006595278424164894,
        0.0007173400789971542,
        0.0007037654371382122,
        0.0006367636379738232,
        0.0006540449223379079,
        0.0006418008870315108,
        0.0006375946637114835,
        0.0007017255417227524,
        0.0007108922821460414,
        0.0006278423780651041
    ],
    "val_loss": [
        0.07016645137358594,
        0.08791748503292049,
        0.08891489962115884,
        0.07354916232051673,
        0.0419949610993542,
        0.054447710807262746,
        0.041863655835321104,
        0.03981667757034302,
        0.059612276377501314,
        0.03918561656717901,
        0.09489726928856086,
        0.04862835330681668,
        0.08840771501504437,
        0.05164427819006421,
        0.05465641339240527,
        0.05775703246601754,
        0.04984812489365814,
        0.05436463328940725,
        0.0877250688823147,
        0.14057158502853578,
        0.046665492872880014,
        0.09167136527873852,
        0.03200422074749238,
        0.03299858939351031,
        0.04396465447455369,
        0.047468765931962816,
        0.11843407719775483,
        0.05430411736273931,
        0.0484637374713741,
        0.09579021328439315,
        0.06169973744113964,
        0.05738581168568797,
        0.028813451985587126,
        0.1162177973633839,
        0.05743123198583446,
        0.07829437770501331,
        0.11849388959645121,
        0.0526664682008602,
        0.03676668924486472,
        0.07332199194503052,
        0.03866243602156087,
        0.07912536939882019,
        0.038334253847737004,
        0.05641279476522296,
        0.0664334372634551,
        0.14304749201983213,
        0.04308173063866518,
        0.10514445345917786,
        0.07694871057066377,
        0.036645272168917234,
        0.03208309066205941,
        0.04704115059468205,
        0.03232411484027074,
        0.04827955785138464,
        0.043663209580160955,
        0.048398840275627596,
        0.06199125921853853,
        0.031643895147782236,
        0.05929477535257185,
        0.05925086924495796,
        0.04330071808632325,
        0.04228206898120267,
        0.12471112620551139,
        0.1659837394901034,
        0.09224901462180747,
        0.06319143376485617,
        0.07026182604884659,
        0.06126249163342571,
        0.10565633582882583,
        0.12095568354965912,
        0.22460979077516607,
        0.6497470437273107,
        0.508794244809973
    ],
    "best_val_loss": 0.028813451985587126,
    "mse_raw": {
        "train": 0.0097502281144377,
        "val": 0.39810972400431716,
        "test": 61.43121234912371
    },
    "final_test_loss": 61.43121234912371
}